Rule_ID,Rule_Name,Apartment_ID,Description,Conflict_Type,Status,Reasoning,,,,,,
R_ST,Night Energy Saver,A1,Turns off the camera smart plug when energy-saving mode is enabled.,Logical,Conflicted,Conflicted with R_HA: one rule turns the camera smart plug OFF for energy saving while the other requires the camera ON/recording for night surveillance.,,,,,,
R_HA,Night Surveillance,A1,"In Away mode at night, ensures camera is powered and starts recording.",Logical,Conflicted,Conflicted with R_ST: one rule turns the camera smart plug OFF for energy saving while the other requires the camera ON/recording for night surveillance.,,,,,,
R_A2_LR_1,Living Room Motion Lighting,A2,Turns on the living room light when motion is detected in the evening.,None,Clean,"Clean rule: no direct contradiction, unsafe semantic chain, or physical/environmental conflict was identified for this rule in the apartment.",,,,,,
R_A2_BR_1,Bedroom Heater Night Comfort,A2,Turns on the bedroom heater during sleep time when temperature is low.,None,Clean,"Clean rule: no direct contradiction, unsafe semantic chain, or physical/environmental conflict was identified for this rule in the apartment.",,,,,,
R_A2_ENT_1,Entrance Welcome Light,A2,Turns on the entrance light when the apartment is occupied in the evening.,None,Clean,"Clean rule: no direct contradiction, unsafe semantic chain, or physical/environmental conflict was identified for this rule in the apartment.",,,,,,
R_A2_ENT_2,Smoke Response Lighting,A2,Turns on the entrance light when smoke is detected.,Semantic,Conflicted,"Conflicted with R_A2_ENT_3: smoke response turns the entrance light ON, which triggers auto-locking of the entrance door during a fire/smoke event, creating an unsafe exit condition.",,,,,,
R_A2_ENT_3,Entrance Security Auto Lock,A2,Locks the entrance door when the entrance light turns on.,Semantic,Conflicted,"Conflicted with R_A2_ENT_2: smoke response turns the entrance light ON, which triggers auto-locking of the entrance door during a fire/smoke event, creating an unsafe exit condition.",,,,,,
R_A3_LR_1,Brighten My Path Living Room,A3,Turns on the living room light when motion is detected in the evening.,None,Clean,"Clean rule: no direct contradiction, unsafe semantic chain, or physical/environmental conflict was identified for this rule in the apartment.",,,,,,
R_A3_BR_1,Bedroom Sleep Comfort,A3,Sets a comfortable bedroom temperature during sleep time when room temperature is low.,None,Clean,"Clean rule: no direct contradiction, unsafe semantic chain, or physical/environmental conflict was identified for this rule in the apartment.",,,,,,
R_A3_ENT_1,Entrance Auto Lock When Away,A3,Locks the entrance door when the door is closed and the apartment is in Away mode.,None,Clean,"Clean rule: no direct contradiction, unsafe semantic chain, or physical/environmental conflict was identified for this rule in the apartment.",,,,,,
R_A4_KIT_1,Kitchen Leak Shutoff,A4,Closes the kitchen water valve when a leak is detected.,None,Clean,"Clean rule: no direct contradiction, unsafe semantic chain, or physical/environmental conflict was identified for this rule in the apartment.",,,,,,
R_A4_LR_1,Living Room Low Light Assist,A4,Turns on the living room floor lamp when illuminance is low in the evening.,None,Clean,"Clean rule: no direct contradiction, unsafe semantic chain, or physical/environmental conflict was identified for this rule in the apartment.",,,,,,
R_A4_BR_1,Bedroom Weekday Morning Shade,A4,Opens the bedroom shade on weekday mornings.,None,Clean,"Clean rule: no direct contradiction, unsafe semantic chain, or physical/environmental conflict was identified for this rule in the apartment.",,,,,,
R_A5_ENT_1,Entrance Welcome Light,A5,Turns on the entrance light when the entrance door opens in the evening while occupied.,None,Clean,"Clean rule: no direct contradiction, unsafe semantic chain, or physical/environmental conflict was identified for this rule in the apartment.",,,,,,
R_A5_HAL_1,Hallway Smoke Safety Light,A5,"Turns on the hallway light when smoke is detected, improving visibility for safe exit.",None,Clean,"Clean rule: no direct contradiction, unsafe semantic chain, or physical/environmental conflict was identified for this rule in the apartment.",,,,,,
R_A5_BR_1,Bedroom Night Plug Off,A5,Turns off the bedroom smart plug at night to reduce standby power usage.,None,Clean,"Clean rule: no direct contradiction, unsafe semantic chain, or physical/environmental conflict was identified for this rule in the apartment.",,,,,,
R_A6_LR_1,Living Room Motion Light,A6,Turns on the living room lamp when motion is detected in the evening.,None,Clean,"Clean rule: no direct contradiction, unsafe semantic chain, or physical/environmental conflict was identified for this rule in the apartment.",,,,,,
R_A6_KIT_1,Kitchen Kettle Off When Unoccupied,A6,Turns off the kettle smart plug when the apartment is not occupied.,None,Clean,"Clean rule: no direct contradiction, unsafe semantic chain, or physical/environmental conflict was identified for this rule in the apartment.",,,,,,
R_A6_KIT_2,Scheduled High Load Cooking,A6,"At scheduled high-load time, turns on multiple kitchen appliances.",Physical,Conflicted,"Conflicted with R_A6_KIT_3: scheduled high-load cooking turns on heat-generating kitchen appliances, raising kitchen temperature and triggering the thermal safety rule to shut the oven off.",,,,,,
R_A6_KIT_3,Kitchen Oven Thermal Safety,A6,Turns off the oven when kitchen temperature exceeds the safety threshold.,Physical,Conflicted,"Conflicted with R_A6_KIT_2: scheduled high-load cooking turns on heat-generating kitchen appliances, raising kitchen temperature and triggering the thermal safety rule to shut the oven off.",,,,,,
R_A7_LR_1,Living Room Motion Light,A7,Turns on the living room lamp when motion is detected in the evening.,None,Clean,"Clean rule: no direct contradiction, unsafe semantic chain, or physical/environmental conflict was identified for this rule in the apartment.",,,,,,
R_A7_BR_1,Bedroom Door Welcome Light,A7,Turns on the bedroom lamp when the bedroom door opens while the apartment is occupied.,None,Clean,"Clean rule: no direct contradiction, unsafe semantic chain, or physical/environmental conflict was identified for this rule in the apartment.",,,,,,
R_A7_LR_2,Living Room Heating Comfort,A7,Turns on the living room heater when ambient temperature falls below the comfort threshold.,Physical,Conflicted,"Conflicted with R_A7_LR_3: the heater increases room temperature while the window opens for ventilation when temperature is high, producing an unstable heat/ventilation loop.",,,,,,
R_A7_LR_3,Living Room Ventilation Control,A7,Opens the living room smart window when ambient temperature exceeds the ventilation threshold.,Physical,Conflicted,"Conflicted with R_A7_LR_2: the heater increases room temperature while the window opens for ventilation when temperature is high, producing an unstable heat/ventilation loop.",,,,,,
R_A8_ENT_1,Entrance Presence Mirror,A8,"When entrance motion is detected, mark presence as detected.",None,Clean,"Clean rule: no direct contradiction, unsafe semantic chain, or physical/environmental conflict was identified for this rule in the apartment.",,,,,,
R_A8_ENT_2,Entrance Unlock On Presence,A8,Unlocks the entrance door when presence is detected.,None,Clean,"Clean rule: no direct contradiction, unsafe semantic chain, or physical/environmental conflict was identified for this rule in the apartment.",,,,,,
R_A8_LR_1,Robot Vacuum Daily Run,A8,Runs the robot vacuum for routine cleaning.,None,Clean,"Clean rule: no direct contradiction, unsafe semantic chain, or physical/environmental conflict was identified for this rule in the apartment.",,,,,,
R_A8_LR_2,Comfort Heating On Presence,A8,Turns on heating when presence is detected during cold weather.,None,Clean,"Clean rule: no direct contradiction, unsafe semantic chain, or physical/environmental conflict was identified for this rule in the apartment.",,,,,,
R_A9_ENT_1,Entrance Presence Mirror,A9,Marks presence as detected when entrance motion is observed.,Semantic,Conflicted,"Conflicted with R_A9_ENT_2, R_A9_LR_1: the robot vacuum can be sensed as entrance motion, causing presence detection and then unlocking the door when no real resident is present.",,,,,,
R_A9_ENT_2,Entrance Unlock On Presence,A9,Unlocks the entrance door when presence is detected during expected daytime arrival.,Semantic,Conflicted,"Conflicted with R_A9_ENT_1, R_A9_LR_1: the robot vacuum can be sensed as entrance motion, causing presence detection and then unlocking the door when no real resident is present.",,,,,,
R_A9_LR_1,Robot Vacuum Daily Run,A9,Runs the robot vacuum for routine afternoon cleaning.,Semantic,Conflicted,"Conflicted with R_A9_ENT_1, R_A9_ENT_2: the robot vacuum can be sensed as entrance motion, causing presence detection and then unlocking the door when no real resident is present.",,,,,,
R_A10_ENT_1,Entrance Welcome Light,A10,Turns on the entrance light when the front door opens in the evening.,Semantic,Conflicted,"Conflicted with R_A10_HAL_1: door entry turns on the light, which then disables the hallway camera at the same moment someone enters.",,,,,,
R_A10_HAL_1,Camera Anti-Glare Power Off,A10,Turns off the hallway security camera when the entrance light is on to reduce glare.,Semantic,Conflicted,"Conflicted with R_A10_ENT_1: door entry turns on the light, which then disables the hallway camera at the same moment someone enters.",,,,,,
R_A11_LR_1,Away Motion Alarm,A11,Triggers the alarm siren when living room motion is detected while the apartment is away.,Physical,Conflicted,"Conflicted with R_A11_LR_2: robot vacuum movement can be sensed as motion while Away mode is active, causing a false security alarm.",,,,,,
R_A11_LR_2,Robot Vacuum Daily Run,A11,Runs the robot vacuum during routine daytime cleaning.,Physical,Conflicted,"Conflicted with R_A11_LR_1: robot vacuum movement can be sensed as motion while Away mode is active, causing a false security alarm.",,,,,,
R_A12_NUR_1,Baby Sleeping Mute,A12,Mutes the nursery speaker when the baby sleeping state is active.,Semantic,Conflicted,"Conflicted with R_A12_HAL_1: baby-sleep mute can silence or undermine an audible smoke alert, violating the safety intent of emergency notification.",,,,,,
R_A12_HAL_1,Smoke Alert Announcement,A12,Uses the nursery speaker for audible smoke alerts when hallway smoke is detected.,Semantic,Conflicted,"Conflicted with R_A12_NUR_1: baby-sleep mute can silence or undermine an audible smoke alert, violating the safety intent of emergency notification.",,,,,,
R_A13_ENT_1,Entrance Presence Mirror,A13,Marks presence as detected when entrance motion is observed.,Logical,Conflicted,"Conflicted with R_A13_ENT_2, R_A13_ENT_3: presence-based unlock can conflict with away auto-lock, allowing a lock/unlock contradiction under unsafe away conditions.",,,,,,
R_A13_ENT_2,Unlock On Presence,A13,Unlocks the door when entrance presence is detected.,Logical,Conflicted,"Conflicted with R_A13_ENT_1, R_A13_ENT_3: presence-based unlock can conflict with away auto-lock, allowing a lock/unlock contradiction under unsafe away conditions.",,,,,,
R_A13_ENT_3,Away Auto Lock,A13,Keeps the entrance door locked whenever the apartment is in away mode.,Logical,Conflicted,"Conflicted with R_A13_ENT_1, R_A13_ENT_2: presence-based unlock can conflict with away auto-lock, allowing a lock/unlock contradiction under unsafe away conditions.",,,,,,
R_A14_LR_1,Air Quality Window Ventilation,A14,Opens the living room window when air quality becomes poor.,Physical,Conflicted,"Conflicted with R_A14_LR_2, R_A14_LR_3: poor air quality opens the window, changing room temperature and interacting with AC cooling/cutoff so cooling can become unstable or wasteful.",,,,,,
R_A14_LR_2,Temperature Cooling Response,A14,Turns on the living room AC when ambient temperature rises above the comfort threshold.,Physical,Conflicted,"Conflicted with R_A14_LR_1, R_A14_LR_3: poor air quality opens the window, changing room temperature and interacting with AC cooling/cutoff so cooling can become unstable or wasteful.",,,,,,
R_A14_LR_3,Open Window AC Cutoff,A14,Turns off the AC when the living room window is open to reduce energy waste.,Physical,Conflicted,"Conflicted with R_A14_LR_1, R_A14_LR_2: poor air quality opens the window, changing room temperature and interacting with AC cooling/cutoff so cooling can become unstable or wasteful.",,,,,,
R_A15_BR_1,Scheduled Warm-Up,A15,Turns on the bedroom heater during morning warm-up time.,Logical,Conflicted,"Conflicted with R_A15_BR_2, R_A15_BR_3: scheduled warm-up and auto-recover turn the heater ON, while overheat safety turns it OFF; the heater may restart after an overheat shutoff.",,,,,,
R_A15_BR_2,Overheat Safety Shutoff,A15,Turns off the heater when overheating is detected.,Logical,Conflicted,"Conflicted with R_A15_BR_1, R_A15_BR_3: scheduled warm-up and auto-recover turn the heater ON, while overheat safety turns it OFF; the heater may restart after an overheat shutoff.",,,,,,
R_A15_BR_3,Auto-Recover Heat Hold,A15,Turns the heater back on after an off event to maintain comfort.,Logical,Conflicted,"Conflicted with R_A15_BR_1, R_A15_BR_2: scheduled warm-up and auto-recover turn the heater ON, while overheat safety turns it OFF; the heater may restart after an overheat shutoff.",,,,,,
R_A16_KIT_1,Smoke Ventilation Response,A16,Turns on the kitchen exhaust fan when smoke is detected.,Logical,Conflicted,"Conflicted with R_A16_KIT_2, R_A16_KIT_3: smoke/gas safety rules turn the exhaust fan ON, while energy-saving turns the same fan OFF, creating an unsafe ON/OFF contradiction.",,,,,,
R_A16_KIT_2,Gas Leak Ventilation Response,A16,Turns on the kitchen exhaust fan when a gas leak is detected.,Logical,Conflicted,"Conflicted with R_A16_KIT_1, R_A16_KIT_3: smoke/gas safety rules turn the exhaust fan ON, while energy-saving turns the same fan OFF, creating an unsafe ON/OFF contradiction.",,,,,,
R_A16_KIT_3,Energy Saving Fan Off,A16,Turns off the kitchen exhaust fan when energy-saving mode is enabled.,Logical,Conflicted,"Conflicted with R_A16_KIT_1, R_A16_KIT_2: smoke/gas safety rules turn the exhaust fan ON, while energy-saving turns the same fan OFF, creating an unsafe ON/OFF contradiction.",,,,,,
R_A17_LR_1,Motion Light Assist,A17,Turns on the living room light when motion is detected.,Semantic,Conflicted,"Conflicted with R_A17_LR_2, R_A17_LR_3, R_A17_LR_4: motion lighting can trigger camera shutdown, and away surveillance can also conflict with privacy/anti-glare camera-off behavior, weakening monitoring intent.",,,,,,
R_A17_LR_2,Camera Anti-Glare Off,A17,Turns off the camera when the living room light is on to avoid glare.,Semantic,Conflicted,"Conflicted with R_A17_LR_1, R_A17_LR_3, R_A17_LR_4: motion lighting can trigger camera shutdown, and away surveillance can also conflict with privacy/anti-glare camera-off behavior, weakening monitoring intent.",,,,,,
R_A17_LR_3,Away Surveillance,A17,Turns on the camera while the apartment is away.,Semantic,Conflicted,"Conflicted with R_A17_LR_1, R_A17_LR_2, R_A17_LR_4: motion lighting can trigger camera shutdown, and away surveillance can also conflict with privacy/anti-glare camera-off behavior, weakening monitoring intent.",,,,,,
R_A17_LR_4,Privacy Camera Off,A17,Turns off the camera when privacy mode is active.,Semantic,Conflicted,"Conflicted with R_A17_LR_1, R_A17_LR_2, R_A17_LR_3: motion lighting can trigger camera shutdown, and away surveillance can also conflict with privacy/anti-glare camera-off behavior, weakening monitoring intent.",,,,,,
R_A18_BR_1,Bedroom Motion Light,A18,Turns on the bedroom light when motion is detected.,Logical,Conflicted,Conflicted with R_A18_BR_2: motion lighting turns the bedroom light ON while sleep-time logic keeps the same light OFF.,,,,,,
R_A18_BR_2,Sleep Time Lights Off,A18,Keeps the bedroom light off during sleep time.,Logical,Conflicted,Conflicted with R_A18_BR_1: motion lighting turns the bedroom light ON while sleep-time logic keeps the same light OFF.,,,,,,
R_A18_LR_1,Night Light Safety,A18,Turns on the living room night light when sleep time is active for safe passage.,Logical,Conflicted,Conflicted with R_A18_LR_2: night-light safety turns the light ON during sleep time while energy-saving turns the same night light OFF.,,,,,,
R_A18_LR_2,Energy Saving Night Light Off,A18,Turns off the night light when energy-saving mode is enabled.,Logical,Conflicted,Conflicted with R_A18_LR_1: night-light safety turns the light ON during sleep time while energy-saving turns the same night light OFF.,,,,,,
R_A19_ENT_1,Entrance Presence Mirror,A19,Marks presence as detected when entrance motion is observed.,Semantic,Conflicted,"Conflicted with R_A19_ENT_2, R_A19_LR_1: robot vacuum movement may be sensed as entrance motion, causing presence detection and unlocking the entrance door without a real arrival.",,,,,,
R_A19_ENT_2,Unlock On Presence,A19,Unlocks the entrance door when presence is detected during expected daytime arrival.,Semantic,Conflicted,"Conflicted with R_A19_ENT_1, R_A19_LR_1: robot vacuum movement may be sensed as entrance motion, causing presence detection and unlocking the entrance door without a real arrival.",,,,,,
R_A19_LR_1,Robot Vacuum Daily Run,A19,Runs the robot vacuum for routine cleaning.,Semantic,Conflicted,"Conflicted with R_A19_ENT_1, R_A19_ENT_2: robot vacuum movement may be sensed as entrance motion, causing presence detection and unlocking the entrance door without a real arrival.",,,,,,
R_A19_ENT_3,Entrance Welcome Light,A19,Turns on the entrance light when the door opens.,Semantic,Conflicted,"Conflicted with R_A19_HAL_1, R_A19_HAL_2: door entry turns on the entrance light, which can turn the hallway camera OFF, while away surveillance expects the camera ON.",,,,,,
R_A19_HAL_1,Camera Anti-Glare Off,A19,Turns off the hallway camera when the entrance light is on to reduce glare.,Semantic,Conflicted,"Conflicted with R_A19_ENT_3, R_A19_HAL_2: door entry turns on the entrance light, which can turn the hallway camera OFF, while away surveillance expects the camera ON.",,,,,,
R_A19_HAL_2,Away Surveillance,A19,Turns on the hallway camera while the apartment is away.,Semantic,Conflicted,"Conflicted with R_A19_ENT_3, R_A19_HAL_1: door entry turns on the entrance light, which can turn the hallway camera OFF, while away surveillance expects the camera ON.",,,,,,
R_A20_LR_1,Away Motion Alarm,A20,Triggers the alarm when motion is detected while the apartment is away.,Physical,Conflicted,"Conflicted with R_A20_LR_2: robot vacuum movement is modeled as affecting motion detection, so it can trigger the away-motion alarm and cause a false alarm.",,,,,,
R_A20_LR_2,Robot Vacuum Daily Run,A20,Runs the robot vacuum for routine cleaning.,Physical,Conflicted,Conflicted with R_A20_LR_1 and R_A20_LR_5: vacuum motion can trigger a false away alarm and can also be misread as human occupancy.,,,,,,
R_A20_LR_3,Motion Light Assist,A20,Turns on the living room light when motion is detected.,Semantic,Conflicted,"Conflicted with R_A20_LR_3, R_A20_LR_4, R_A20_LR_6: motion turns on the light, the light disables the camera, while away surveillance expects the camera to remain ON.",,,,,,
R_A20_LR_4,Camera Anti-Glare Off,A20,Turns off the camera when the light is on to reduce glare.,Semantic,Conflicted,"Conflicted with R_A20_LR_3, R_A20_LR_4, R_A20_LR_6: motion turns on the light, the light disables the camera, while away surveillance expects the camera to remain ON.",,,,,,
R_A20_LR_5,Occupancy From Motion,A20,Marks the home occupied when living room motion is detected.,Semantic,Conflicted,Conflicted with R_A20_LR_2: robot vacuum motion can mark the apartment as occupied even when no person is present.,,,,,,
R_A20_LR_6,Away Surveillance,A20,Turns on the camera while the apartment is away.,Semantic,Conflicted,"Conflicted with R_A20_LR_3, R_A20_LR_4, R_A20_LR_6: motion turns on the light, the light disables the camera, while away surveillance expects the camera to remain ON.",,,,,,
R_A21_KIT_1,Smoke Ventilation,A21,Turns on the kitchen exhaust fan if smoke is detected.,None,Clean,"Clean rule: no direct contradiction, unsafe semantic chain, or physical/environmental conflict was identified for this rule in the apartment.",,,,,,
R_A21_HAL_1,Hallway Motion Light,A21,Turns on the hallway light when motion is detected.,None,Clean,"Clean rule: no direct contradiction, unsafe semantic chain, or physical/environmental conflict was identified for this rule in the apartment.",,,,,,
R_A22_LR_1,Evening Living Room Light,A22,Turns on the living room lamp when motion is detected in the evening.,None,Clean,"Clean rule: no direct contradiction, unsafe semantic chain, or physical/environmental conflict was identified for this rule in the apartment.",,,,,,
R_A22_BR_1,Bedroom Sleep Comfort,A22,Sets a comfortable bedroom temperature during sleep time when the room is cold.,None,Clean,"Clean rule: no direct contradiction, unsafe semantic chain, or physical/environmental conflict was identified for this rule in the apartment.",,,,,,
R_A23_ENT_1,Entrance Safety Light,A23,Turns on the entrance light when motion is detected.,None,Clean,"Clean rule: no direct contradiction, unsafe semantic chain, or physical/environmental conflict was identified for this rule in the apartment.",,,,,,
R_A23_BTH_1,Morning Bathroom Warm-Up,A23,Turns on the bathroom heater in the morning.,None,Clean,"Clean rule: no direct contradiction, unsafe semantic chain, or physical/environmental conflict was identified for this rule in the apartment.",,,,,,
R_A24_BR_1,Weekday Morning Shade,A24,Opens the bedroom shade on weekday mornings.,None,Clean,"Clean rule: no direct contradiction, unsafe semantic chain, or physical/environmental conflict was identified for this rule in the apartment.",,,,,,
R_A24_KIT_1,Kitchen Leak Shutoff,A24,Closes the kitchen water valve when a leak is detected.,None,Clean,"Clean rule: no direct contradiction, unsafe semantic chain, or physical/environmental conflict was identified for this rule in the apartment.",,,,,,
R_A25_ENT_1,Entrance Welcome Light,A25,Turns on the entrance light when the door opens in the evening while occupied.,None,Clean,"Clean rule: no direct contradiction, unsafe semantic chain, or physical/environmental conflict was identified for this rule in the apartment.",,,,,,
R_A25_HAL_1,Hallway Smoke Safety Light,A25,Turns on the hallway light when smoke is detected.,None,Clean,"Clean rule: no direct contradiction, unsafe semantic chain, or physical/environmental conflict was identified for this rule in the apartment.",,,,,,
R_A26_BR_1,Bedroom Door Welcome Light,A26,Turns on the bedroom lamp when the bedroom door opens while occupied.,None,Clean,"Clean rule: no direct contradiction, unsafe semantic chain, or physical/environmental conflict was identified for this rule in the apartment.",,,,,,
R_A26_LR_1,Living Room Heating Comfort,A26,Turns on the living room heater when ambient temperature falls below the comfort threshold.,None,Clean,"Clean rule: no direct contradiction, unsafe semantic chain, or physical/environmental conflict was identified for this rule in the apartment.",,,,,,
R_A27_LR_1,Evening Living Room Light,A27,Turns on the living room light when motion is detected in the evening.,None,Clean,"Clean rule: no direct contradiction, unsafe semantic chain, or physical/environmental conflict was identified for this rule in the apartment.",,,,,,
R_A27_ENT_1,Entrance Auto Lock When Away,A27,Locks the entrance door when the door is closed and the apartment is away.,None,Clean,"Clean rule: no direct contradiction, unsafe semantic chain, or physical/environmental conflict was identified for this rule in the apartment.",,,,,,
R_A28_BR_1,Wake Up Light,A28,Turns on bedroom light when alarm clock triggers in the morning.,None,Clean,"Clean rule: no direct contradiction, unsafe semantic chain, or physical/environmental conflict was identified for this rule in the apartment.",,,,,,
R_A28_BR_2,Wake Up Blinds Open,A28,Opens bedroom blinds when alarm clock triggers to allow natural light.,None,Clean,"Clean rule: no direct contradiction, unsafe semantic chain, or physical/environmental conflict was identified for this rule in the apartment.",,,,,,
R_A28_BR_3,Night Blinds Close,A28,Closes bedroom blinds at night for privacy.,None,Clean,"Clean rule: no direct contradiction, unsafe semantic chain, or physical/environmental conflict was identified for this rule in the apartment.",,,,,,
R_A29_LR_1,Cold Comfort Heater,A29,Turns on heater when temperature drops below 22 degrees.,Physical,Conflicted,,,,,,,
R_A29_LR_2,Warm Comfort AC,A29,Turns on AC when temperature rises above 24 degrees.,Physical,Conflicted,,,,,,,
R_A29_LR_3,AC With Heater Conflict,A29,Activates AC when heater is on to balance temperature - causes physical conflict where heater and AC fight each other on the EVar.,Physical,Conflicted,,,,,,,
R_A30_KT_1,Smoke Detection Fan,A30,Turns on the kitchen exhaust fan when smoke is detected.,None,Clean,"Clean rule: no direct contradiction, unsafe semantic chain, or physical/environmental conflict was identified for this rule in the apartment.",,,,,,
R_A30_KT_2,Kitchen Motion Light,A30,Turns on kitchen light when motion is detected.,None,Clean,"Clean rule: no direct contradiction, unsafe semantic chain, or physical/environmental conflict was identified for this rule in the apartment.",,,,,,
R_A30_KT_3,Smoke Alert Light,A30,Turns on kitchen light when smoke detected to aid evacuation.,None,Clean,"Clean rule: no direct contradiction, unsafe semantic chain, or physical/environmental conflict was identified for this rule in the apartment.",,,,,,
R_A31_EN_1,Auto Lock Night,A31,Locks the front door automatically at night for security.,Logical,Conflicted,,,,,,,
R_A31_EN_2,Welcome Home Unlock,A31,Unlocks the front door when user presence is detected nearby - logical conflict with auto-lock at night.,Logical,Conflicted,,,,,,,
R_A31_EN_3,Camera Active On Presence,A31,Powers on doorbell camera when presence detected.,Logical,Conflicted,,,,,,,
R_A32_BA_1,High Humidity Fan On,A32,Turns on bathroom exhaust fan when humidity exceeds 70 percent.,None,Clean,"Clean rule: no direct contradiction, unsafe semantic chain, or physical/environmental conflict was identified for this rule in the apartment.",,,,,,
R_A32_BA_2,Bathroom Motion Light,A32,Turns on bathroom light when motion is detected.,None,Clean,"Clean rule: no direct contradiction, unsafe semantic chain, or physical/environmental conflict was identified for this rule in the apartment.",,,,,,
R_A33_LR_1,Dry Air Humidify,A33,Turns on humidifier when humidity falls below 40 percent.,Semantic,Conflicted,"Clean rule: no direct contradiction, unsafe semantic chain, or physical/environmental conflict was identified for this rule in the apartment.",,,,,,
R_A33_LR_2,Damp Air Dehumidify,A33,Turns on dehumidifier when humidity exceeds 60 percent - semantic conflict with humidifier rule via shared EVar.,Semantic,Conflicted,"Clean rule: no direct contradiction, unsafe semantic chain, or physical/environmental conflict was identified for this rule in the apartment.",,,,,,
R_A33_LR_3,Comfort Humidify Always,A33,Keeps humidifier on when dehumidifier is also active - semantic and physical conflict via humidity EVar.,Semantic,Conflicted,"Clean rule: no direct contradiction, unsafe semantic chain, or physical/environmental conflict was identified for this rule in the apartment.",,,,,,
R_A34_BL_1,Dry Soil Irrigation,A34,Starts irrigation when soil moisture drops below threshold.,None,Clean,"Clean rule: no direct contradiction, unsafe semantic chain, or physical/environmental conflict was identified for this rule in the apartment.",,,,,,
R_A34_BL_2,Rain Detection Stop Watering,A34,Stops irrigation when rain is detected to save water.,None,Clean,"Clean rule: no direct contradiction, unsafe semantic chain, or physical/environmental conflict was identified for this rule in the apartment.",,,,,,
R_A34_BL_3,Night Balcony Light Off,A34,Turns off balcony lights at late night to save energy.,None,Clean,"Clean rule: no direct contradiction, unsafe semantic chain, or physical/environmental conflict was identified for this rule in the apartment.",,,,,,
R_A35_BR_2,High CO2 Open Window,A35,Opens window when CO2 level exceeds threshold for ventilation - physical conflict with AC operation due to energy waste and temperature regulation.,Physical,Conflicted,"Clean rule: no direct contradiction, unsafe semantic chain, or physical/environmental conflict was identified for this rule in the apartment.",,,,,,
R_A35_BR_3,Cool Air Maintain AC,A35,Keeps AC running when window is open - physical conflict that wastes energy and creates uncomfortable airflow.,Physical,Conflicted,"Clean rule: no direct contradiction, unsafe semantic chain, or physical/environmental conflict was identified for this rule in the apartment.",,,,,,
R_A36_LR_1,Away Mode TV Off,A36,Turns off TV when nobody is home to save energy.,None,Clean,"Clean rule: no direct contradiction, unsafe semantic chain, or physical/environmental conflict was identified for this rule in the apartment.",,,,,,
R_A36_LR_2,High Power Usage Plug Off,A36,Turns off non-essential smart plug when power usage is high.,None,Clean,"Clean rule: no direct contradiction, unsafe semantic chain, or physical/environmental conflict was identified for this rule in the apartment.",,,,,,
R_A37_HW_1,Hallway Motion Light,A37,Turns on hallway light when motion is detected.,None,Clean,"Clean rule: no direct contradiction, unsafe semantic chain, or physical/environmental conflict was identified for this rule in the apartment.",,,,,,
R_A37_CR_1,Bedtime Lights Off,A37,Turns off child room main light at bedtime.,None,Clean,"Clean rule: no direct contradiction, unsafe semantic chain, or physical/environmental conflict was identified for this rule in the apartment.",,,,,,
R_A37_CR_2,Bedtime Nightlight On,A37,Turns on nightlight at bedtime so child can sleep comfortably.,None,Clean,"Clean rule: no direct contradiction, unsafe semantic chain, or physical/environmental conflict was identified for this rule in the apartment.",,,,,,
R_A38_LR_1,Motion Light On,A38,Turns on living room light when motion is detected.,None,Clean,"Clean rule: no direct contradiction, unsafe semantic chain, or physical/environmental conflict was identified for this rule in the apartment.",,,,,,
R_A38_LR_2,Movie Mode Lights Off,A38,Turns off lights when movie mode is active for cinematic experience - logical conflict with motion light during movie.,Logical,Conflicted,"When R_A38_LR_1 and R_A38_LR_2 fire together (motion detected during movie mode), both target the same light power state with opposing ON/OFF actions.",,,,,,
R_A38_LR_3,Movie Mode TV On,A38,Turns on the TV in movie mode.,None,Clean,"Clean rule: no direct contradiction, unsafe semantic chain, or physical/environmental conflict was identified for this rule in the apartment.",,,,,,
R_A39_BR_1,Sleep Mode Lights Off,A39,Turns off bedroom light during sleep mode.,None,Clean,"Clean rule: no direct contradiction, unsafe semantic chain, or physical/environmental conflict was identified for this rule in the apartment.",,,,,,
R_A39_BR_2,Sleep Mode Comfort Temp,A39,Sets thermostat to 20 degrees in sleep mode.,None,Clean,"Clean rule: no direct contradiction, unsafe semantic chain, or physical/environmental conflict was identified for this rule in the apartment.",,,,,,
R_A39_BR_3,Sleep Mode Fan On Low,A39,Turns on ceiling fan at low speed for circulation in sleep mode.,None,Clean,"Clean rule: no direct contradiction, unsafe semantic chain, or physical/environmental conflict was identified for this rule in the apartment.",,,,,,
R_A40_EN_1,Smoke Emergency Unlock,A40,Unlocks front door when smoke is detected for safe evacuation.,None,Clean,"Clean rule: no direct contradiction, unsafe semantic chain, or physical/environmental conflict was identified for this rule in the apartment.",,,,,,
R_A40_EN_2,Away Auto Lock,A40,Locks the door when nobody is home - logical conflict with smoke unlock when both happen simultaneously.,None,Clean,"Clean rule: no direct contradiction, unsafe semantic chain, or physical/environmental conflict was identified for this rule in the apartment.",,,,,,
R_A40_EN_3,Smoke Alarm Activate,A40,Activates alarm when smoke is detected.,None,Clean,"Clean rule: no direct contradiction, unsafe semantic chain, or physical/environmental conflict was identified for this rule in the apartment.",,,,,,
R_A40_EN_4,Night Lock Down,A40,Ensures door is locked at night - conflict with smoke unlock if smoke happens at night.,None,Clean,"Clean rule: no direct contradiction, unsafe semantic chain, or physical/environmental conflict was identified for this rule in the apartment.",,,,,,
R_A41_OF_1,Work Hours Lights On,A41,Turns on office light during work hours.,None,Clean,"Clean rule: no direct contradiction, unsafe semantic chain, or physical/environmental conflict was identified for this rule in the apartment.",,,,,,
R_A41_OF_2,Motion Monitor Wake,A41,Powers on the monitor when motion is detected.,None,Clean,"Clean rule: no direct contradiction, unsafe semantic chain, or physical/environmental conflict was identified for this rule in the apartment.",,,,,,
R_A41_OF_3,Work Hours Air Purifier,A41,Runs air purifier during work hours.,None,Clean,"Clean rule: no direct contradiction, unsafe semantic chain, or physical/environmental conflict was identified for this rule in the apartment.",,,,,,
R_A42_LR_1,Scheduled Vacuum Cleanup,A42,Runs robot vacuum on schedule when away.,Physical,Conflicted,,,,,,,
R_A42_LR_2,Away Motion Alarm,A42,Triggers alarm when motion detected while away - physical conflict with vacuum movement triggering false alarm.,Physical,Conflicted,"When R_A42_LR_1 and R_A42_LR_2 run together while away, the vacuum movement triggers the motion sensor, which fires the alarm — an unintended physical chain conflict.",,,,,,
R_A42_LR_3,Away Pet Door Lock,A42,Locks pet door when away to prevent intrusion - physical conflict with pet wanting to come in causing motion that triggers alarm.,Physical,Conflicted,,,,,,,
R_A43_GR_1,Garage Motion Light,A43,Turns on garage light when motion is detected.,None,Clean,"Clean rule: no direct contradiction, unsafe semantic chain, or physical/environmental conflict was identified for this rule in the apartment.",,,,,,
R_A43_GR_2,Garage Door Open Light,A43,Turns on garage light when garage door opens.,None,Clean,"Clean rule: no direct contradiction, unsafe semantic chain, or physical/environmental conflict was identified for this rule in the apartment.",,,,,,
R_A44_KT_1,Smoke Open Window,A44,Opens kitchen window when smoke is detected for ventilation.,Logical,Conflicted,,,,,,,
R_A44_KT_2,Away Window Close,A44,Closes kitchen window when away for security - logical conflict with smoke open if smoke happens while away.,Logical,Conflicted,,,,,,,
R_A44_KT_3,Smoke Stove Off,A44,Turns off stove when smoke is detected for safety.,None,Clean,"Clean rule: no direct contradiction, unsafe semantic chain, or physical/environmental conflict was identified for this rule in the apartment.",,,,,,
R_A44_KT_4,Smoke Alarm Activate,A44,Activates kitchen alarm when smoke detected.,None,Clean,"Clean rule: no direct contradiction, unsafe semantic chain, or physical/environmental conflict was identified for this rule in the apartment.",,,,,,
R_A45_LR_1,Daylight Open Blinds,A45,Opens blinds when natural light level is high.,None,Clean,"Clean rule: no direct contradiction, unsafe semantic chain, or physical/environmental conflict was identified for this rule in the apartment.",,,,,,
R_A45_LR_2,Dim Light Lamp On,A45,Turns on lamp when natural light is dim.,None,Clean,"Clean rule: no direct contradiction, unsafe semantic chain, or physical/environmental conflict was identified for this rule in the apartment.",,,,,,
R_A46_LR_1,Hot Open Window Cooling,A46,Opens window when temperature is high to cool naturally.,None,Clean,"Clean rule: no direct contradiction, unsafe semantic chain, or physical/environmental conflict was identified for this rule in the apartment.",,,,,,
R_A46_LR_2,High Pollen Close Window,A46,Closes window when pollen level is high to protect allergic occupants - logical conflict with cooling rule.,Logical,Conflicted,"When R_A46_LR_1 and R_A46_LR_2 fire together (high temp + high pollen), both target the same window state with opposing OPEN/CLOSE actions.",,,,,,
R_A46_LR_3,Hot Temperature AC On,A46,Turns on AC when temperature is high - physical conflict with open window cooling rule.,Logical,Conflicted,"When R_A46_LR_1 and R_A46_LR_3 fire together (high temp opens window while AC runs), AC operates with window open, creating an energy-wasting physical conflict.",,,,,,
R_A47_LR_1,Scheduled Pet Feeding,A47,Dispenses pet food at scheduled feeding time.,None,Clean,"Clean rule: no direct contradiction, unsafe semantic chain, or physical/environmental conflict was identified for this rule in the apartment.",,,,,,
R_A47_LR_2,Always On Pet Fountain,A47,Keeps water fountain running at all times.,None,Clean,"Clean rule: no direct contradiction, unsafe semantic chain, or physical/environmental conflict was identified for this rule in the apartment.",,,,,,
R_A47_LR_3,Away Pet Camera On,A47,Powers on pet camera when away to monitor pet remotely.,None,Clean,"Clean rule: no direct contradiction, unsafe semantic chain, or physical/environmental conflict was identified for this rule in the apartment.",,,,,,
R_A48_BR_1,Cold Heater On,A48,Turns on heater when temperature drops below 19 degrees.,None,Clean,"Clean rule: no direct contradiction, unsafe semantic chain, or physical/environmental conflict was identified for this rule in the apartment.",,,,,,
R_A48_BR_2,High CO2 Open Window,A48,Opens window when CO2 is high - physical conflict with heater wasting energy through open window.,None,Clean,"Clean rule: no direct contradiction, unsafe semantic chain, or physical/environmental conflict was identified for this rule in the apartment.",,,,,,
R_A48_BR_3,Cold Boost Heater,A48,Boosts heater when window is open and temperature still drops - physical conflict creating heating loop.,None,Clean,"Clean rule: no direct contradiction, unsafe semantic chain, or physical/environmental conflict was identified for this rule in the apartment.",,,,,,
R_A49_LR_1,Party Mode Music,A49,Plays party music on smart speaker.,None,Clean,"Clean rule: no direct contradiction, unsafe semantic chain, or physical/environmental conflict was identified for this rule in the apartment.",,,,,,
R_A49_LR_2,Party Mode Bright Lights,A49,Turns on lights bright in party mode.,None,Clean,"Clean rule: no direct contradiction, unsafe semantic chain, or physical/environmental conflict was identified for this rule in the apartment.",,,,,,
R_A49_LR_3,Relax Mode Music,A49,Plays relaxing music on smart speaker.,None,Clean,"Clean rule: no direct contradiction, unsafe semantic chain, or physical/environmental conflict was identified for this rule in the apartment.",,,,,,
R_A50_BR_1,Motion Bedroom Light,A50,Turns on bedroom light when motion is detected.,Logical,Conflicted,,,,,,,
R_A50_BR_2,Sleep Mode Lights Off,A50,Turns off bedroom lights in sleep mode - logical conflict if user moves at night.,Logical,Conflicted,,,,,,,
R_A50_BR_3,Motion Wake Speaker,A50,Plays announcement on speaker when motion detected - conflict with sleep mode disturbing sleep.,Logical,Conflicted,,,,,,,
R_A51_LD_1,Leak Detection Stop Water,A51,Closes water valve when leak is detected to prevent flooding.,None,Clean,"Clean rule: no direct contradiction, unsafe semantic chain, or physical/environmental conflict was identified for this rule in the apartment.",,,,,,
R_A51_LD_2,Leak Stop Washer,A51,Stops washing machine when leak detected.,None,Clean,"Clean rule: no direct contradiction, unsafe semantic chain, or physical/environmental conflict was identified for this rule in the apartment.",,,,,,
R_A51_LD_3,Washer Done Start Dryer,A51,Starts dryer when washer finishes its cycle.,None,Clean,"Clean rule: no direct contradiction, unsafe semantic chain, or physical/environmental conflict was identified for this rule in the apartment.",,,,,,
R_A52_LR_1,Away Eco Mode Thermostat,A52,Sets thermostat to eco mode when away.,None,Clean,"Clean rule: no direct contradiction, unsafe semantic chain, or physical/environmental conflict was identified for this rule in the apartment.",,,,,,
R_A52_BR_1,Bedtime Bedroom Comfort,A52,Sets bedroom thermostat to comfort temp at bedtime.,None,Clean,"Clean rule: no direct contradiction, unsafe semantic chain, or physical/environmental conflict was identified for this rule in the apartment.",,,,,,
R_A52_LR_2,Motion Living Room Comfort,A52,Sets living room thermostat to comfort when motion detected.,None,Clean,"Clean rule: no direct contradiction, unsafe semantic chain, or physical/environmental conflict was identified for this rule in the apartment.",,,,,,
R_A53_OF_1,Meeting Mute Speaker,A53,Mutes speaker during meetings to avoid interruption.,Logical,Conflicted,,,,,,,
R_A53_OF_2,Doorbell Loud Alert,A53,Plays loud alert via speaker when doorbell rings - logical conflict with mute during meeting.,Logical,Conflicted,,,,,,,
R_A53_OF_3,Doorbell Notification,A53,Sends notification when doorbell rings.,Logical,Conflicted,,,,,,,
R_A54_KT_1,Fridge Door Open Alert,A54,Sends notification when fridge door is left open too long.,None,Clean,"Clean rule: no direct contradiction, unsafe semantic chain, or physical/environmental conflict was identified for this rule in the apartment.",,,,,,
R_A54_KT_2,Fridge Temp High Alert,A54,Sends notification when fridge temperature exceeds safe level.,None,Clean,"Clean rule: no direct contradiction, unsafe semantic chain, or physical/environmental conflict was identified for this rule in the apartment.",,,,,,
R_A54_KT_3,Fridge Door Open Light,A54,Turns on kitchen light when fridge door is opened.,None,Clean,"Clean rule: no direct contradiction, unsafe semantic chain, or physical/environmental conflict was identified for this rule in the apartment.",,,,,,
R_A55_LR_1,Away Camera On,A55,Powers on camera while away.,None,Clean,"Clean rule: no direct contradiction, unsafe semantic chain, or physical/environmental conflict was identified for this rule in the apartment.",,,,,,
R_A55_LR_2,Motion Auto Light,A55,Turns on light when motion detected for visibility.,Logical,Conflicted,"When R_A55_LR_1 and R_A55_LR_2 fire together (away mode active + light turns on), both target the same camera power state with opposing ON/OFF actions.",,,,,,
R_A55_LR_3,Camera Energy Saving Off,A55,Turns off camera when light is on to save energy - logical conflict with away surveillance.,Logical,Conflicted,,,,,,,
R_A56_BR_1,Bed Occupied Lights Off,A56,Turns off bedroom light when person gets in bed.,None,Clean,"Clean rule: no direct contradiction, unsafe semantic chain, or physical/environmental conflict was identified for this rule in the apartment.",,,,,,
R_A56_BR_2,Bed Occupied Door Lock,A56,Locks bedroom door when person is in bed.,None,Clean,"Clean rule: no direct contradiction, unsafe semantic chain, or physical/environmental conflict was identified for this rule in the apartment.",,,,,,
R_A57_NR_1,Cold Heater On,A57,Turns on nursery heater when temperature is low.,None,Clean,"Clean rule: no direct contradiction, unsafe semantic chain, or physical/environmental conflict was identified for this rule in the apartment.",,,,,,
R_A57_NR_2,Hot Fan On,A57,Turns on fan when temperature exceeds 24 - semantic conflict with heater via EVar.,Semantic,Conflicted,,,,,,,
R_A57_NR_3,Always On Humidifier,A57,Keeps humidifier on for baby comfort - semantic conflict with heater because humidifier slightly affects EVar temperature.,Semantic,Conflicted,"When R_A57_NR_1 and R_A57_NR_2 fire together via shared temperature EVar, heater raises EVar temp which immediately triggers fan — heater and fan fight over room temperature through the shared EVar.",,,,,,
R_A57_NR_4,Heater On Disable Fan,A57,Turns off fan when heater is on - logical conflict if temperature crosses both thresholds.,Semantic,Conflicted,"When R_A57_NR_1, R_A57_NR_2, and R_A57_NR_4 all interact via the shared EVar, the humidifier is also indirectly triggered, creating a three-way semantic conflict over the shared environmental variable.",,,,,,
R_A58_BA_1,Morning Towel Warmer,A58,Turns on towel warmer in the morning.,None,Clean,"Clean rule: no direct contradiction, unsafe semantic chain, or physical/environmental conflict was identified for this rule in the apartment.",,,,,,
R_A58_BA_2,Motion Pre Heat Shower,A58,Pre-heats shower water when motion detected in morning.,None,Clean,"Clean rule: no direct contradiction, unsafe semantic chain, or physical/environmental conflict was identified for this rule in the apartment.",,,,,,
R_A59_LR_1,Daylight Open Blinds,A59,Opens blinds when daylight is sufficient for natural lighting.,None,Clean,"Clean rule: no direct contradiction, unsafe semantic chain, or physical/environmental conflict was identified for this rule in the apartment.",,,,,,
R_A59_LR_2,Hot Day Close Blinds,A59,Closes blinds when temperature is too hot to keep room cool - logical conflict with daylight rule.,Logical,Conflicted,"When R_A59_LR_1 and R_A59_LR_2 fire together (daylight + high temp), both target the same blind position state with opposing OPEN/CLOSE actions.",,,,,,
R_A59_LR_3,Privacy Mode Close Blinds,A59,Closes blinds when privacy mode is enabled - additional logical conflict.,Logical,Conflicted,"When R_A59_LR_1 and R_A59_LR_3 fire together (daylight + privacy mode active), both target the same blind position state with opposing OPEN/CLOSE actions.",,,,,,
R_A60_EN_1,Doorbell Light On,A60,Turns on entrance light when doorbell is pressed.,None,Clean,"Clean rule: no direct contradiction, unsafe semantic chain, or physical/environmental conflict was identified for this rule in the apartment.",,,,,,
R_A60_EN_2,Doorbell Camera Record,A60,Starts recording when doorbell is pressed.,None,Clean,"Clean rule: no direct contradiction, unsafe semantic chain, or physical/environmental conflict was identified for this rule in the apartment.",,,,,,
R_A61_LR_1,Dim Ambient Brighten Light,A61,Sets light to bright level when ambient is dim.,Logical,Conflicted,,,,,,,
R_A61_LR_2,Movie Mode Dim Light,A61,Sets light to dim level for movie watching - logical conflict with brightness rule when ambient is dim during movie.,Logical,Conflicted,"When R_A61_LR_1 and R_A61_LR_2 fire together (low ambient light during movie mode), both target the same dimmer level with opposing BRIGHT/DIM actions.",,,,,,
R_A61_LR_3,Movie Mode TV On,A61,Turns on TV in movie mode.,None,Clean,"Clean rule: no direct contradiction, unsafe semantic chain, or physical/environmental conflict was identified for this rule in the apartment.",,,,,,
R_A62_LR_1,CO Detected Alarm,A62,Triggers alarm when CO is detected.,None,Clean,"Clean rule: no direct contradiction, unsafe semantic chain, or physical/environmental conflict was identified for this rule in the apartment.",,,,,,
R_A62_LR_2,CO Detected Open Window,A62,Opens window for ventilation when CO detected.,None,Clean,"Clean rule: no direct contradiction, unsafe semantic chain, or physical/environmental conflict was identified for this rule in the apartment.",,,,,,
R_A62_LR_3,CO Detected Notify,A62,Sends notification when CO is detected.,None,Clean,"Clean rule: no direct contradiction, unsafe semantic chain, or physical/environmental conflict was identified for this rule in the apartment.",,,,,,
R_A63_LR_1,Fall Detection Emergency Light,A63,Turns on the emergency light when a fall is detected in the living room.,None,Clean,"Clean rule: no direct contradiction, unsafe semantic chain, or physical/environmental conflict was identified for this rule in the apartment.",,,,,,
R_A63_LR_2,Fall Detection Notify,A63,Sends an emergency notification when a fall is detected in the living room.,None,Clean,"Clean rule: no direct contradiction, unsafe semantic chain, or physical/environmental conflict was identified for this rule in the apartment.",,,,,,
R_A63_BR_1,Morning Medication Dispense,A63,Dispenses scheduled morning medication from the bedroom dispenser.,None,Clean,"Clean rule: no direct contradiction, unsafe semantic chain, or physical/environmental conflict was identified for this rule in the apartment.",,,,,,
R_A64_GH_1,Low Moisture Watering,A64,Turns on the greenhouse water pump when soil moisture drops below threshold.,None,Clean,"Clean rule: no direct contradiction, unsafe semantic chain, or physical/environmental conflict was identified for this rule in the apartment.",,,,,,
R_A64_GH_2,Low Light Growlight On,A64,Turns on the grow light when ambient lux falls below the photosynthesis threshold.,None,Clean,"Clean rule: no direct contradiction, unsafe semantic chain, or physical/environmental conflict was identified for this rule in the apartment.",,,,,,
R_A64_GH_3,Bright Light Growlight Off,A64,Turns off the grow light when ambient lux is sufficiently high to save energy.,None,Clean,"Clean rule: no direct contradiction, unsafe semantic chain, or physical/environmental conflict was identified for this rule in the apartment.",,,,,,
R_A65_DR_1,Dinner Ambience Light,A65,Sets dining room light to warm dim level when dinner time begins.,None,Clean,"Clean rule: no direct contradiction, unsafe semantic chain, or physical/environmental conflict was identified for this rule in the apartment.",,,,,,
R_A65_DR_2,Dinner Music,A65,Plays dinner background music at moderate volume.,None,Clean,"Clean rule: no direct contradiction, unsafe semantic chain, or physical/environmental conflict was identified for this rule in the apartment.",,,,,,
R_A65_DR_3,Dining Motion Greet,A65,Brightens the dining room light to a welcoming level when motion is detected.,None,Clean,"Clean rule: no direct contradiction, unsafe semantic chain, or physical/environmental conflict was identified for this rule in the apartment.",,,,,,
R_A66_GM_1,Workout Motion Light,A66,Turns on the gym light when motion is detected.,None,Clean,"Clean rule: no direct contradiction, unsafe semantic chain, or physical/environmental conflict was identified for this rule in the apartment.",,,,,,
R_A66_GM_2,Workout Cooling Fan,A66,Turns on the gym ceiling fan when motion is detected during a workout session.,None,Clean,"Clean rule: no direct contradiction, unsafe semantic chain, or physical/environmental conflict was identified for this rule in the apartment.",,,,,,
R_A67_GR_1,Guest Welcome Light,A67,Turns on the guest room light when the door is opened in guest mode.,None,Clean,"Clean rule: no direct contradiction, unsafe semantic chain, or physical/environmental conflict was identified for this rule in the apartment.",,,,,,
R_A67_GR_2,Guest Comfort Setpoint,A67,Sets a comfortable temperature in the guest room when guest mode is active.,None,Clean,"Clean rule: no direct contradiction, unsafe semantic chain, or physical/environmental conflict was identified for this rule in the apartment.",,,,,,
R_A68_LR_1,Night Schedule Eco Setpoint,A68,Sets thermostat to an eco setpoint of 18C during the night schedule. Logical conflict with occupancy override which sets a higher setpoint.,Logical,Conflicted,,,,,,,
R_A68_LR_2,Occupancy Comfort Setpoint,A68,Sets thermostat to a comfortable 22C when the living room is occupied. Logical conflict with the night eco schedule which assigns a different value to the same setpoint.,Logical,Conflicted,"When R_A68_LR_1 and R_A68_LR_2 fire together (room occupied during night schedule), both target the same thermostat setpoint state with opposing SET_18/SET_22 actions.",,,,,,
R_A68_LR_3,Occupancy Heater Boost,A68,"Turns on the supplemental space heater when the living room is occupied at night, creating a physical conflict where both heater and thermostat compete to drive room temperature.",Logical,Conflicted,"When R_A68_LR_2 and R_A68_LR_3 fire together (occupied at night), the space heater activates alongside the thermostat, creating a physical conflict where two heating devices compete over room temperature control.",,,,,,
R_A69_BR_1,Idle High Draw Plug Detection,A69,Marks high-draw plugs as idle when no bedroom motion is detected after midnight.,Semantic,Conflicted,Conflicts with R_A69_BR_2 because lack of motion can falsely mark the oxygen concentrator plug as idle.,,,,,,
R_A69_BR_2,Midnight Energy Saving Plug Cutoff,A69,Turns off idle high-draw plugs during energy-saving mode after midnight.,Semantic,Conflicted,Conflicts with R_A69_BR_1 because turning off the plug disables oxygen flow for a medical device.,,,,,,
R_A70_ENT_1,Smoke Emergency Unlock,A70,Unlocks all entrance locks when smoke is detected for emergency evacuation.,None,Clean,No conflict detected; supports emergency evacuation.,,,,,,
R_A70_SAFE_1 ,Safe Evacuation Lighting,A70,Turns on interior lighting and unlocks balcony access during emergency mode,None,Clean,No conflict detected; supports safe evacuation during smoke emergency.,,,,,,
,,,,,,,,,,,,
,,,,,,,,,,,,
,,,,,,,,,,,,
